elowdes0@list-manage.com,Evvy Lowdes,Fivechat,12 Briar Crest Road,Room 1834,Heilbronn,06611,821-362-6373,3581877399529074,4786
jgrigoli1@friendfeed.com,Jennine Grigoli,Pixoboo,52 Linden Point,9th Floor,Yuyao,06631,680-721-2588,503805820630689975,0275
cdi2@squarespace.com,Codie Di Maggio,Trudeo,83 Florence Street,PO Box 58433,Honglin,06611,145-247-9991,3550526638413486,7475
abloxholm3@flavors.me,Arabelle Bloxholm,Quire,4963 Golf Pass,PO Box 61374,Tarnowskie Góry,06744,645-262-0198,3550526638413486,7475
clannin4@google.com.au,Clyde Lannin,Vimbo,4377 Bayside Drive,Room 900,Chelyabinsk,06311,820-476-9952,3550526638413486,7475
ccain5@apple.com,Carmel Cain,Dynabox,331 Menomonie Lane,Apt 1873,Isojoki,06611,215-873-1712,,3537768600379760,4333
mmacmorland6@microsoft.com,Maure MacMorland,Dynabox,688 Jenifer Trail,PO Box 46767,Lushikeng,06611,518-285-2926,,3537768600379760,4333
frichemont7@mapquest.com,Ferdy Richemont,Topicshots,83 Warner Alley,Room 1619,Nurlat,06611,944-637-7504,374288999200644,5396
swoolham8@scribd.com,Sean Woolham,Riffwire,4 Hovde Pass,Suite 74,Itabirito,06611,483-474-1143,4017959862988,9871
rwolfenden9@arizona.edu,Rhiamon Wolfenden,Quatz,174 Portage Circle,PO Box 71147,Sloboda,06611,330-208-0142,4017959862988,9871
eeggertona@artisteer.com,Enoch Eggerton,Muxo,681 Express Avenue,Room 779,Hongxing,06611,760-534-5664,4017959862988,9871
dquesteb@tinypic.com,Della Queste,Shufflester,5444 Sherman Court,10th Floor,Jazovo,06611,781-825-3221,3558147919549864,7285
spertc@alexa.com,Shaun Pert,Edgeify,83188 Butternut Street,8th Floor,Fukadale,06611,834-338-2271,3558147919549864,7285
rmeiningend@addtoany.com,Robena Meiningen,Voolia,274 Del Mar Circle,Room 1611,Juhaynah,06611,678-433-8043,560221169551123952,8657
hadcockse@newyorker.com,Hilliard Adcocks,Zazio,94 Monica Lane,PO Box 41060,Kamru,06611,434-100-7738,560221169551123952,8657
amariettef@squarespace.com,Arliene Mariette,Blogtag,45185 Susan Place,Suite 26,Podporozh’ye,06611,651-861-5971,6333624119878192825,0554
kdorieg@msn.com,Kalli Dorie,Yakijo,4 Dunning Court,7th Floor,Ḩammām Wāşil,06611,419-399-3973,4026146192197211,2436
gbinnerh@so-net.ne.jp,Guthry Binner,Vitz,4 4th Crossing,Apt 1189,Machico,07845,687-212-6626,4026146192197211,2436
selecumi@quantcast.com,Saloma Elecum,Podcat,67710 Fremont Place,10th Floor,Kombissiri,06611,974-876-7208,4026146192197211,2436
slabbetj@taobao.com,Sandy LAbbet,Thoughtmix,225 Burrows Hill,Apt 546,Trieste,06611,940-876-4410,4026146192197211,2436
